<?xml version="1.0" encoding="UTF-8"?>
<beans xmlns="http://www.springframework.org/schema/beans"
    xmlns:xsi="http://www.w3.org/2001/XMLSchema-instance"
    xsi:schemaLocation="http://www.springframework.org/schema/beans
        http://www.springframework.org/schema/beans/spring-beans.xsd">
        
	    <!-- id:bean的名称，在IOC容器中必须唯一，推荐指定名称，不要省略，
		如果省略的话，会使用类名作为id
		class:全类名，在IOC容器中通过反射创建实例，所以要求必须有class属性，
				在继承的继承的情况下可以省略，
		        property:属性注入
		 -->
		<!-- 默认情况下，启动 spring 容器便创建对象（遇到bean便创建对象）
	  　   在spring的配置文件bean中有一个属性 lazy-init="default/true/false"
 　　　　如果lazy-init为"default/false"在启动spring容器时创建对象（默认情况）
　　　　 如果lazy-init为"true",在context.getBean时才要创建对象 
 　　	在第一种情况下可以在启动spring容器的时候，检查spring容器配置文件的正确性，
 		如果再结合tomcat,如果spring容器不能正常启动，整个tomcat就不能正常启动。
 		但是这样的缺点是把一些bean过早的放在了内存中，如果有数据，则对内存来是一个消耗。
　　		反过来，在第二种情况下，可以减少内存的消耗，但是不容易发现错误-->

		<!-- Spring框架支持以下五种bean的作用域：
		singleton : bean在每个Spring ioc 容器中只有一个实例。
		prototype：一个bean的定义可以有多个实例。
		request：每次http请求都会创建一个bean，该作用域仅在基于web的Spring ApplicationContext情形下有效。
		session：在一个HTTP Session中，一个bean定义对应一个实例。该作用域仅在基于web的Spring ApplicationContext情形下有效。
		global-session：在一个全局的HTTP Session中，一个bean定义对应一个实例。该作用域仅在基于web的Spring ApplicationContext情形下有效。
		缺省的Spring bean 的作用域是Singleton。 -->

	<!-- 默认构造函数 -->
	<bean id="helloWorldByDefaultConstructor" class="com.po.HelloWorldPo">
		<property name="name" value="构造"></property>
	</bean>
	
	<!-- 静态工厂 -->
	<bean id="helloWorldByStaticFactory" factory-method="getInstances" class="com.po.HelloWorldPo">
	<property name="name" value="静态"></property>
	</bean>
	
	<!-- 实例工厂 -->
	<bean id="instanceFactory" class="com.po.HelloWorldInstanceFactory"></bean>
	<bean id="helloWorldByInstanceFactory" factory-bean="instanceFactory" class="com.po.HelloWorldPo">
	<property name="name" value="实例"></property>
	</bean> 
</beans>